,chromatography,class,food_term_count,gen_term_count,sci_term_count,spectrometry,spectrophotometry,chem_ent_ratio,chem_term_count,bigram_score
0,1.0,1.0,0.0,0.0,2.0,1.0,0.0,0.2222222222222222,16,0.0
1,1.0,0.0,3.0,2.0,3.0,0.0,0.0,0.19318181818181818,17,0.0
2,1.0,0.0,2.0,0.0,0.0,0.0,0.0,0.09090909090909091,2,0.0
3,1.0,0.0,2.0,0.0,0.0,1.0,0.0,0.21153846153846154,11,0.0
4,1.0,1.0,7.0,0.0,0.0,1.0,0.0,0.06557377049180328,4,0.0
5,1.0,0.0,8.0,2.0,0.0,1.0,0.0,0.10204081632653061,5,0.0
6,1.0,0.0,4.0,0.0,0.0,1.0,0.0,0.15384615384615385,8,0.0
7,1.0,0.0,1.0,0.0,0.0,1.0,0.0,0.04,1,0.0
8,0.0,0.0,4.0,0.0,1.0,0.0,0.0,0.22857142857142856,16,0.0
9,0.0,0.0,1.0,0.0,0.0,0.0,0.0,0.10588235294117647,9,0.0
10,1.0,0.0,2.0,0.0,0.0,1.0,0.0,0.08333333333333333,3,0.0
11,1.0,0.0,12.0,1.0,0.0,1.0,0.0,0.13580246913580246,11,0.0
12,1.0,0.0,6.0,0.0,0.0,0.0,0.0,0.2,11,0.0
13,0.0,0.0,5.0,0.0,0.0,1.0,0.0,0.015151515151515152,1,0.0
14,0.0,1.0,3.0,0.0,0.0,0.0,0.0,0.0625,1,0.0
15,0.0,0.0,1.0,0.0,0.0,0.0,0.0,0.1,1,0.0
16,1.0,0.0,2.0,0.0,0.0,0.0,0.0,0.16071428571428573,9,0.0
17,0.0,0.0,3.0,0.0,1.0,1.0,0.0,0.125,2,0.0
18,0.0,0.0,0.0,0.0,0.0,0.0,0.0,0.0,0,0.0
19,0.0,1.0,1.0,0.0,0.0,0.0,0.0,0.2,9,0.0
20,0.0,0.0,1.0,0.0,0.0,0.0,0.0,0.2,1,0.0
21,1.0,0.0,2.0,0.0,1.0,0.0,0.0,0.03125,3,0.0
22,1.0,1.0,0.0,0.0,0.0,1.0,0.0,0.5294117647058824,9,0.0
23,0.0,1.0,4.0,2.0,0.0,1.0,0.0,0.03225806451612903,1,0.0
24,1.0,0.0,1.0,0.0,0.0,1.0,0.0,0.17582417582417584,16,0.0
25,0.0,0.0,1.0,0.0,0.0,1.0,0.0,0.20512820512820512,16,0.0
26,0.0,0.0,1.0,0.0,0.0,1.0,0.0,0.1625,13,0.0
27,0.0,0.0,4.0,1.0,0.0,0.0,0.0,0.125,6,0.0
28,0.0,0.0,1.0,0.0,0.0,0.0,0.0,0.5,1,0.0
29,1.0,0.0,11.0,1.0,0.0,1.0,0.0,0.039473684210526314,3,0.5
30,1.0,0.0,5.0,0.0,1.0,0.0,0.0,0.10526315789473684,6,0.0
31,0.0,0.0,1.0,0.0,1.0,0.0,0.0,0.1111111111111111,1,0.0
32,0.0,0.0,4.0,0.0,0.0,0.0,0.0,0.36585365853658536,15,0.0
33,0.0,0.0,4.0,0.0,1.0,1.0,0.0,0.1935483870967742,12,0.0
34,1.0,0.0,2.0,0.0,0.0,1.0,0.0,0.25301204819277107,21,0.0
35,0.0,0.0,3.0,0.0,0.0,0.0,0.0,0.10638297872340426,5,0.0
36,0.0,0.0,22.0,1.0,0.0,1.0,0.0,0.21348314606741572,19,0.0
37,0.0,0.0,0.0,1.0,0.0,0.0,0.0,0.0,0,0.0
38,1.0,0.0,2.0,1.0,1.0,0.0,0.0,0.23529411764705882,12,0.0
39,0.0,0.0,1.0,0.0,0.0,0.0,0.0,0.19047619047619047,4,0.0
40,0.0,0.0,0.0,0.0,0.0,0.0,0.0,0.0,0,0.0
41,0.0,1.0,15.0,1.0,0.0,0.0,0.0,0.12162162162162163,9,0.0
42,1.0,0.0,3.0,0.0,0.0,1.0,0.0,0.1111111111111111,5,0.0
43,1.0,0.0,7.0,1.0,0.0,1.0,0.0,0.07547169811320754,4,0.2
44,0.0,0.0,1.0,0.0,0.0,1.0,0.0,0.20967741935483872,13,0.0
45,0.0,0.0,7.0,0.0,1.0,0.0,0.0,0.07692307692307693,4,0.0
46,0.0,0.0,5.0,1.0,0.0,1.0,0.0,0.015384615384615385,1,0.0
47,0.0,0.0,3.0,1.0,0.0,0.0,0.0,0.15789473684210525,3,0.0
48,1.0,0.0,5.0,3.0,0.0,1.0,0.0,0.14285714285714285,6,0.0
49,0.0,0.0,0.0,1.0,0.0,0.0,0.0,0.0,0,0.0
50,0.0,0.0,1.0,0.0,0.0,0.0,0.0,0.16666666666666666,1,0.0
51,0.0,1.0,4.0,0.0,1.0,1.0,0.0,0.17073170731707318,7,0.0
52,0.0,0.0,0.0,0.0,1.0,0.0,0.0,0.125,1,0.0
53,0.0,0.0,0.0,1.0,0.0,0.0,0.0,0.0,0,0.0
54,0.0,1.0,1.0,1.0,0.0,0.0,0.0,0.05128205128205128,2,0.0
55,1.0,0.0,1.0,0.0,0.0,0.0,0.0,0.2222222222222222,12,0.0
56,1.0,0.0,1.0,0.0,1.0,0.0,0.0,0.014705882352941176,1,0.0
57,1.0,0.0,3.0,0.0,0.0,0.0,0.0,0.26,13,0.0
58,0.0,0.0,3.0,0.0,1.0,0.0,0.0,0.07575757575757576,5,0.0
59,0.0,0.0,6.0,0.0,1.0,0.0,0.0,0.18571428571428572,13,0.0
60,1.0,0.0,1.0,0.0,1.0,1.0,0.0,0.33783783783783783,25,0.0
61,1.0,0.0,4.0,0.0,0.0,0.0,0.0,0.15492957746478872,11,0.0
62,0.0,0.0,7.0,0.0,0.0,1.0,0.0,0.1016949152542373,6,0.0
63,1.0,0.0,5.0,0.0,0.0,1.0,0.0,0.05263157894736842,2,0.0
64,0.0,0.0,5.0,0.0,1.0,0.0,0.0,0.14864864864864866,11,0.0
65,0.0,0.0,1.0,4.0,0.0,0.0,0.0,0.21621621621621623,16,0.0
66,0.0,0.0,5.0,0.0,0.0,1.0,0.0,0.25,21,0.0
67,0.0,0.0,3.0,0.0,0.0,0.0,0.0,0.0,0,0.0
68,1.0,1.0,3.0,0.0,0.0,1.0,0.0,0.1794871794871795,14,0.0
69,0.0,0.0,1.0,0.0,0.0,1.0,0.0,0.1797752808988764,16,0.0
70,1.0,0.0,2.0,0.0,1.0,0.0,0.0,0.14285714285714285,8,0.0
71,1.0,1.0,1.0,0.0,3.0,1.0,0.0,0.12359550561797752,11,0.0
72,0.0,1.0,4.0,1.0,0.0,0.0,0.0,0.0,0,0.0
73,0.0,0.0,3.0,4.0,0.0,0.0,0.0,0.028169014084507043,2,0.0
74,0.0,1.0,4.0,0.0,0.0,0.0,0.0,0.2608695652173913,6,0.0
75,0.0,0.0,1.0,0.0,0.0,0.0,0.0,0.3258426966292135,29,0.0
76,1.0,0.0,3.0,1.0,0.0,0.0,0.0,0.060240963855421686,5,0.0
77,0.0,1.0,3.0,1.0,3.0,0.0,0.0,0.22727272727272727,10,0.0
78,0.0,1.0,9.0,0.0,0.0,0.0,0.0,0.0847457627118644,5,0.0
79,1.0,0.0,13.0,0.0,0.0,1.0,0.0,0.11842105263157894,9,0.0
80,0.0,0.0,3.0,0.0,0.0,1.0,0.0,0.1702127659574468,8,0.0
81,1.0,0.0,1.0,0.0,0.0,1.0,0.0,0.05405405405405406,4,0.0
82,0.0,1.0,1.0,0.0,0.0,0.0,0.0,0.21428571428571427,6,0.0
83,1.0,1.0,3.0,0.0,0.0,0.0,0.0,0.26785714285714285,15,0.0
84,1.0,0.0,5.0,0.0,0.0,0.0,0.0,0.09615384615384616,5,0.0
85,0.0,0.0,1.0,0.0,0.0,0.0,0.0,0.22448979591836735,11,0.0
86,1.0,1.0,2.0,0.0,0.0,0.0,0.0,0.20754716981132076,11,0.0
87,0.0,0.0,13.0,0.0,0.0,0.0,0.0,0.1323529411764706,9,0.0
88,0.0,0.0,1.0,1.0,0.0,0.0,0.0,0.1111111111111111,5,0.0
89,1.0,0.0,2.0,0.0,0.0,1.0,0.0,0.08602150537634409,8,0.0
90,1.0,1.0,5.0,0.0,0.0,0.0,0.0,0.12727272727272726,7,0.0
91,0.0,1.0,4.0,0.0,0.0,0.0,0.0,0.1276595744680851,6,0.0
92,0.0,0.0,1.0,1.0,0.0,0.0,0.0,0.06349206349206349,4,0.0
93,0.0,0.0,2.0,0.0,0.0,0.0,0.0,0.25,10,0.0
94,0.0,1.0,11.0,0.0,0.0,1.0,0.0,0.06896551724137931,4,0.0
95,1.0,0.0,2.0,0.0,0.0,1.0,0.0,0.1875,9,0.0
96,0.0,0.0,6.0,0.0,0.0,1.0,0.0,0.2361111111111111,17,0.0
97,1.0,0.0,3.0,0.0,0.0,0.0,0.0,0.1694915254237288,10,0.0
98,0.0,1.0,10.0,0.0,0.0,1.0,0.0,0.23,23,0.0
99,0.0,0.0,4.0,0.0,0.0,1.0,0.0,0.175,14,0.0
100,0.0,0.0,1.0,0.0,0.0,0.0,0.0,0.2702702702702703,10,0.0
101,1.0,0.0,15.0,0.0,2.0,0.0,0.0,0.07920792079207921,8,0.0
102,1.0,0.0,1.0,0.0,0.0,1.0,0.0,0.3157894736842105,12,0.0
103,0.0,0.0,1.0,1.0,0.0,0.0,0.0,0.11363636363636363,5,0.0
104,0.0,1.0,2.0,0.0,0.0,0.0,0.0,0.0625,5,0.0
105,1.0,1.0,3.0,0.0,1.0,1.0,0.0,0.22916666666666666,11,0.0
106,1.0,0.0,2.0,0.0,0.0,0.0,0.0,0.16666666666666666,8,0.0
107,0.0,1.0,0.0,0.0,1.0,0.0,0.0,0.3448275862068966,10,0.0
108,0.0,0.0,3.0,1.0,0.0,0.0,0.0,0.175,7,0.0
109,1.0,1.0,2.0,0.0,0.0,1.0,0.0,0.16981132075471697,18,0.0
110,0.0,0.0,0.0,0.0,0.0,0.0,0.0,0.10526315789473684,2,0.0
111,1.0,1.0,9.0,3.0,0.0,0.0,0.0,0.1326530612244898,13,0.0
112,1.0,0.0,3.0,0.0,1.0,0.0,0.0,0.1875,9,0.0
113,1.0,1.0,1.0,0.0,0.0,1.0,0.0,0.1941747572815534,20,0.0
114,0.0,0.0,5.0,0.0,0.0,0.0,0.0,0.1388888888888889,10,0.0
115,0.0,1.0,5.0,0.0,3.0,0.0,0.0,0.37037037037037035,20,0.0
116,0.0,0.0,1.0,0.0,2.0,1.0,0.0,0.35,14,0.0
117,0.0,0.0,6.0,1.0,0.0,0.0,0.0,0.09090909090909091,7,0.0
118,0.0,1.0,5.0,0.0,2.0,0.0,0.0,0.14492753623188406,10,0.0
119,1.0,0.0,1.0,0.0,0.0,0.0,0.0,0.17857142857142858,20,0.0
120,0.0,1.0,3.0,0.0,0.0,0.0,0.0,0.14814814814814814,8,0.0
121,0.0,0.0,9.0,1.0,0.0,0.0,0.0,0.04504504504504504,5,0.0
122,0.0,0.0,0.0,0.0,2.0,1.0,0.0,0.10909090909090909,6,0.0
123,1.0,0.0,3.0,0.0,0.0,1.0,0.0,0.125,6,0.0
124,0.0,0.0,1.0,0.0,0.0,0.0,0.0,0.3333333333333333,8,0.0
125,0.0,1.0,2.0,0.0,0.0,1.0,0.0,0.18333333333333332,11,0.0
126,1.0,0.0,6.0,0.0,0.0,0.0,0.0,0.10526315789473684,4,0.0
127,0.0,0.0,2.0,0.0,4.0,0.0,0.0,0.17647058823529413,9,0.0
128,1.0,1.0,2.0,2.0,0.0,0.0,0.0,0.08333333333333333,4,0.0
129,1.0,1.0,1.0,0.0,0.0,1.0,0.0,0.07692307692307693,5,0.0
130,1.0,0.0,2.0,0.0,0.0,0.0,0.0,0.36507936507936506,23,0.0
131,1.0,1.0,1.0,0.0,1.0,0.0,0.0,0.11764705882352941,6,0.0
132,0.0,0.0,0.0,0.0,1.0,0.0,0.0,0.08333333333333333,2,0.0
133,1.0,0.0,1.0,0.0,0.0,1.0,0.0,0.1111111111111111,6,0.0
134,0.0,1.0,4.0,1.0,5.0,1.0,0.0,0.16,12,0.0
135,1.0,0.0,2.0,6.0,0.0,0.0,0.0,0.11363636363636363,5,0.0
136,1.0,0.0,5.0,1.0,0.0,1.0,0.0,0.04878048780487805,4,0.0
137,0.0,1.0,13.0,0.0,0.0,1.0,0.0,0.1282051282051282,10,0.0
138,1.0,0.0,13.0,0.0,3.0,1.0,0.0,0.23157894736842105,22,0.0
139,0.0,0.0,8.0,0.0,0.0,1.0,0.0,0.14516129032258066,9,0.0
140,1.0,0.0,1.0,2.0,0.0,0.0,0.0,0.2826086956521739,13,0.0
141,0.0,0.0,9.0,0.0,5.0,1.0,0.0,0.2898550724637681,20,0.0
142,1.0,0.0,1.0,0.0,1.0,0.0,0.0,0.014705882352941176,1,0.0
143,1.0,0.0,6.0,0.0,1.0,0.0,0.0,0.14285714285714285,12,0.0
144,1.0,0.0,7.0,0.0,2.0,0.0,0.0,0.16455696202531644,13,0.0
145,1.0,0.0,4.0,0.0,1.0,0.0,0.0,0.18571428571428572,13,0.0
146,0.0,0.0,1.0,0.0,0.0,1.0,0.0,0.0,0,0.0
147,0.0,1.0,4.0,0.0,0.0,0.0,0.0,0.32142857142857145,18,0.0
148,1.0,0.0,4.0,0.0,0.0,1.0,0.0,0.06756756756756757,5,0.0
149,1.0,0.0,3.0,0.0,1.0,0.0,0.0,0.21428571428571427,12,0.0
150,1.0,0.0,2.0,5.0,1.0,0.0,0.0,0.27450980392156865,28,0.0
151,1.0,0.0,6.0,0.0,0.0,1.0,0.0,0.12359550561797752,11,0.0
152,0.0,0.0,4.0,0.0,1.0,0.0,0.0,0.04411764705882353,3,0.0
153,0.0,0.0,3.0,0.0,0.0,1.0,0.0,0.13592233009708737,14,0.0
154,0.0,0.0,4.0,0.0,1.0,0.0,0.0,0.2857142857142857,4,0.0
155,0.0,0.0,1.0,0.0,0.0,0.0,0.0,0.4444444444444444,28,0.0
156,0.0,0.0,5.0,0.0,0.0,0.0,0.0,0.1111111111111111,6,0.0
157,0.0,1.0,3.0,0.0,0.0,0.0,0.0,0.13953488372093023,12,0.0
158,0.0,1.0,1.0,0.0,0.0,1.0,0.0,0.07894736842105263,3,0.0
159,1.0,0.0,7.0,0.0,1.0,0.0,0.0,0.43333333333333335,26,0.0
160,0.0,0.0,8.0,0.0,0.0,0.0,0.0,0.11764705882352941,8,0.0
161,0.0,1.0,2.0,0.0,1.0,0.0,0.0,0.15384615384615385,8,0.0
162,0.0,1.0,9.0,0.0,0.0,1.0,0.0,0.14285714285714285,5,0.0
163,0.0,0.0,5.0,0.0,0.0,0.0,0.0,0.04,2,0.0
164,0.0,1.0,2.0,0.0,0.0,0.0,0.0,0.2727272727272727,12,0.0
165,1.0,1.0,9.0,0.0,1.0,0.0,0.0,0.15384615384615385,8,0.0
166,0.0,0.0,2.0,0.0,0.0,0.0,0.0,0.07692307692307693,4,0.0
167,1.0,0.0,2.0,4.0,0.0,0.0,0.0,0.21,21,0.0
168,0.0,0.0,2.0,0.0,0.0,0.0,0.0,0.13924050632911392,11,0.0
169,0.0,1.0,2.0,0.0,0.0,0.0,0.0,0.26,13,0.0
170,0.0,0.0,3.0,0.0,0.0,0.0,0.0,0.11702127659574468,11,0.0
171,0.0,1.0,4.0,0.0,0.0,0.0,0.0,0.3125,15,0.0
172,0.0,1.0,0.0,1.0,0.0,0.0,0.0,0.40625,13,0.0
173,1.0,0.0,9.0,9.0,0.0,1.0,0.0,0.05714285714285714,4,0.0
174,0.0,0.0,3.0,1.0,0.0,1.0,0.0,0.1276595744680851,12,0.0
175,1.0,0.0,2.0,0.0,1.0,0.0,0.0,0.08695652173913043,4,0.0
176,0.0,0.0,0.0,0.0,0.0,0.0,0.0,0.08888888888888889,4,0.0
177,1.0,0.0,4.0,0.0,1.0,0.0,0.0,0.09259259259259259,5,0.0
178,0.0,0.0,1.0,0.0,0.0,0.0,0.0,0.13725490196078433,7,0.0
179,0.0,0.0,6.0,0.0,0.0,0.0,0.0,0.18571428571428572,13,0.0
180,0.0,0.0,4.0,0.0,0.0,1.0,0.0,0.22448979591836735,11,0.0
181,1.0,0.0,3.0,0.0,0.0,0.0,0.0,0.13513513513513514,5,0.0
182,0.0,0.0,1.0,0.0,0.0,0.0,0.0,0.14,7,0.0
183,0.0,1.0,4.0,0.0,0.0,0.0,0.0,0.10810810810810811,4,0.0
184,1.0,0.0,4.0,0.0,0.0,1.0,0.0,0.125,4,0.0
185,0.0,0.0,1.0,0.0,0.0,1.0,0.0,0.07042253521126761,5,0.0
186,0.0,0.0,6.0,0.0,0.0,0.0,0.0,0.30434782608695654,21,0.0
187,0.0,0.0,2.0,0.0,0.0,1.0,0.0,0.0875,7,0.0
188,0.0,1.0,8.0,0.0,0.0,1.0,0.0,0.1566265060240964,13,0.0
189,0.0,0.0,2.0,0.0,0.0,0.0,0.0,0.0847457627118644,5,0.0
190,1.0,0.0,8.0,0.0,0.0,1.0,0.0,0.3880597014925373,26,0.0
191,1.0,0.0,1.0,0.0,0.0,1.0,0.0,0.05128205128205128,4,0.0
192,1.0,0.0,5.0,0.0,0.0,1.0,0.0,0.18421052631578946,7,0.0
193,1.0,1.0,0.0,0.0,2.0,0.0,0.0,0.14285714285714285,5,0.0
194,0.0,0.0,3.0,0.0,2.0,0.0,0.0,0.0125,1,0.0
195,1.0,1.0,8.0,1.0,1.0,0.0,0.0,0.17543859649122806,10,0.0
196,1.0,1.0,11.0,0.0,0.0,0.0,0.0,0.14285714285714285,9,0.0
197,1.0,1.0,12.0,0.0,0.0,1.0,0.0,0.18518518518518517,10,0.0
198,0.0,1.0,9.0,0.0,0.0,1.0,0.0,0.2988505747126437,26,0.0
199,1.0,0.0,3.0,0.0,0.0,0.0,0.0,0.33962264150943394,18,0.0
200,0.0,1.0,4.0,0.0,1.0,0.0,0.0,0.16666666666666666,7,0.0
201,0.0,0.0,8.0,0.0,0.0,0.0,0.0,0.30357142857142855,17,0.0
202,1.0,0.0,12.0,0.0,0.0,1.0,0.0,0.2375,19,0.0
203,1.0,1.0,7.0,0.0,0.0,1.0,0.0,0.22,11,0.0
204,1.0,1.0,5.0,0.0,0.0,1.0,0.0,0.16091954022988506,14,0.0
205,1.0,1.0,3.0,1.0,1.0,1.0,0.0,0.323943661971831,23,0.0
206,0.0,0.0,4.0,0.0,0.0,0.0,0.0,0.11475409836065574,7,0.0
207,1.0,0.0,2.0,0.0,0.0,0.0,0.0,0.2916666666666667,7,0.0
208,0.0,1.0,6.0,0.0,2.0,0.0,0.0,0.358974358974359,14,0.0
209,0.0,0.0,7.0,0.0,4.0,1.0,0.0,0.2,8,0.0
210,1.0,0.0,4.0,0.0,0.0,1.0,0.0,0.275,22,0.0
211,0.0,1.0,6.0,0.0,0.0,0.0,0.0,0.3559322033898305,21,0.0
212,1.0,1.0,6.0,0.0,2.0,1.0,0.0,0.12149532710280374,13,0.0
213,0.0,0.0,2.0,1.0,0.0,1.0,0.0,0.0,0,0.0
214,1.0,0.0,2.0,2.0,0.0,1.0,0.0,0.10204081632653061,5,0.0
215,1.0,0.0,1.0,0.0,1.0,0.0,0.0,0.1728395061728395,14,0.0
216,1.0,0.0,1.0,0.0,0.0,0.0,0.0,0.18,9,0.0
217,0.0,1.0,2.0,0.0,2.0,1.0,0.0,0.10869565217391304,5,0.0
218,1.0,0.0,1.0,0.0,1.0,0.0,0.0,0.10204081632653061,5,0.0
219,0.0,0.0,3.0,0.0,0.0,1.0,0.0,0.25806451612903225,16,0.0
220,1.0,0.0,4.0,1.0,0.0,0.0,0.0,0.15789473684210525,9,0.0
221,0.0,0.0,6.0,0.0,0.0,0.0,0.0,0.36,18,0.0
222,1.0,1.0,2.0,0.0,0.0,1.0,0.0,0.2962962962962963,16,0.0
223,0.0,0.0,2.0,0.0,0.0,0.0,0.0,0.21739130434782608,10,0.0
224,1.0,0.0,8.0,0.0,1.0,1.0,0.0,0.057692307692307696,3,0.0
225,0.0,0.0,3.0,0.0,1.0,0.0,0.0,0.09090909090909091,4,0.0
226,1.0,1.0,4.0,0.0,1.0,0.0,0.0,0.05128205128205128,2,0.0
227,0.0,0.0,12.0,0.0,2.0,0.0,0.0,0.23333333333333334,14,0.0
228,1.0,0.0,2.0,0.0,1.0,1.0,0.0,0.028985507246376812,2,0.0
229,0.0,0.0,1.0,0.0,0.0,0.0,0.0,0.10810810810810811,4,0.0
230,1.0,0.0,4.0,0.0,3.0,0.0,0.0,0.28205128205128205,22,0.0
231,1.0,0.0,5.0,0.0,0.0,0.0,0.0,0.078125,5,0.0
232,0.0,0.0,3.0,0.0,1.0,0.0,0.0,0.16666666666666666,1,0.0
233,1.0,0.0,1.0,1.0,1.0,0.0,0.0,0.2777777777777778,20,0.0
234,1.0,0.0,3.0,0.0,1.0,1.0,0.0,0.17307692307692307,9,0.0
235,0.0,0.0,1.0,0.0,0.0,1.0,0.0,0.11224489795918367,11,0.0
236,0.0,0.0,2.0,0.0,0.0,0.0,0.0,0.25,9,0.0
237,1.0,1.0,3.0,0.0,0.0,1.0,0.0,0.2,11,0.0
238,0.0,0.0,8.0,1.0,1.0,0.0,0.0,0.16666666666666666,10,0.0
239,0.0,1.0,7.0,0.0,0.0,0.0,0.0,0.08695652173913043,6,0.0
240,0.0,0.0,3.0,0.0,0.0,1.0,0.0,0.15555555555555556,7,0.0
241,0.0,1.0,5.0,0.0,0.0,0.0,0.0,0.20754716981132076,11,0.0
242,1.0,0.0,1.0,0.0,0.0,1.0,0.0,0.3,27,0.0
243,0.0,0.0,2.0,0.0,0.0,1.0,0.0,0.15384615384615385,10,0.0
244,1.0,0.0,1.0,0.0,0.0,1.0,0.0,0.19672131147540983,12,0.0
245,0.0,1.0,5.0,0.0,1.0,0.0,0.0,0.075,6,0.0
246,0.0,1.0,4.0,0.0,0.0,1.0,0.0,0.3389830508474576,20,0.0
247,1.0,0.0,2.0,0.0,2.0,0.0,0.0,0.14705882352941177,5,0.0
248,0.0,0.0,0.0,0.0,0.0,0.0,0.0,0.15625,5,0.0
249,1.0,0.0,6.0,0.0,0.0,1.0,0.0,0.10638297872340426,5,0.0
250,0.0,0.0,6.0,0.0,0.0,0.0,0.0,0.08,2,0.0
251,1.0,0.0,0.0,0.0,0.0,0.0,0.0,0.06382978723404255,3,0.0
252,1.0,0.0,3.0,0.0,0.0,1.0,0.0,0.09523809523809523,4,0.0
253,1.0,0.0,2.0,0.0,0.0,0.0,0.0,0.08571428571428572,3,0.0
254,1.0,0.0,4.0,0.0,0.0,1.0,0.0,0.13636363636363635,6,0.0
255,0.0,1.0,3.0,0.0,0.0,0.0,0.0,0.1875,3,0.0
256,0.0,0.0,10.0,0.0,1.0,1.0,0.0,0.09836065573770492,6,0.0
257,0.0,1.0,11.0,0.0,0.0,0.0,0.0,0.359375,23,0.0
258,0.0,0.0,0.0,0.0,1.0,0.0,0.0,0.05128205128205128,4,0.0
259,0.0,1.0,3.0,0.0,0.0,0.0,0.0,0.2826086956521739,13,0.0
260,1.0,0.0,2.0,0.0,0.0,1.0,0.0,0.3142857142857143,11,0.0
261,0.0,0.0,8.0,0.0,3.0,0.0,0.0,0.13157894736842105,5,0.0
262,1.0,0.0,1.0,0.0,0.0,0.0,0.0,0.20833333333333334,15,0.0
263,1.0,0.0,2.0,1.0,0.0,1.0,0.0,0.07017543859649122,4,0.0
264,0.0,0.0,1.0,0.0,1.0,0.0,0.0,0.15384615384615385,2,0.0
265,1.0,0.0,8.0,1.0,0.0,0.0,0.0,0.061224489795918366,6,0.0
266,1.0,0.0,8.0,0.0,0.0,1.0,0.0,0.15,12,0.0
267,0.0,0.0,1.0,0.0,0.0,0.0,0.0,0.15789473684210525,3,0.0
268,0.0,0.0,3.0,1.0,0.0,0.0,0.0,0.109375,7,0.0
269,1.0,1.0,1.0,0.0,2.0,0.0,0.0,0.2653061224489796,13,0.0
270,1.0,1.0,1.0,3.0,0.0,1.0,0.0,0.12195121951219512,5,0.0
271,1.0,0.0,2.0,0.0,0.0,1.0,0.0,0.1728395061728395,14,0.0
272,1.0,0.0,1.0,0.0,0.0,0.0,0.0,0.3090909090909091,17,0.0
273,1.0,0.0,2.0,0.0,0.0,0.0,0.0,0.15555555555555556,7,0.0
274,0.0,1.0,5.0,0.0,0.0,0.0,0.0,0.22857142857142856,8,0.0
275,0.0,0.0,3.0,0.0,0.0,0.0,0.0,0.13043478260869565,6,0.0
276,0.0,0.0,3.0,0.0,2.0,0.0,0.0,0.1282051282051282,10,0.0
277,0.0,0.0,3.0,0.0,0.0,0.0,0.0,0.34615384615384615,9,0.0
278,1.0,0.0,2.0,0.0,1.0,0.0,0.0,0.1794871794871795,7,0.0
279,1.0,0.0,1.0,0.0,0.0,0.0,0.0,0.2647058823529412,9,0.0
280,0.0,0.0,9.0,0.0,0.0,0.0,0.0,0.09523809523809523,4,0.0
281,1.0,0.0,3.0,0.0,1.0,0.0,0.0,0.04878048780487805,4,0.0
282,0.0,0.0,1.0,0.0,0.0,0.0,0.0,0.11627906976744186,10,0.0
283,0.0,0.0,1.0,0.0,1.0,0.0,0.0,0.0625,4,0.0
284,0.0,0.0,7.0,1.0,0.0,0.0,0.0,0.16279069767441862,14,0.0
285,0.0,0.0,1.0,0.0,1.0,1.0,0.0,0.4411764705882353,15,0.0
286,0.0,0.0,1.0,0.0,0.0,0.0,0.0,0.26490066225165565,40,0.0
287,1.0,1.0,2.0,0.0,0.0,1.0,0.0,0.225,18,0.0
288,0.0,0.0,1.0,0.0,0.0,0.0,0.0,0.3,24,0.0
289,0.0,0.0,1.0,0.0,1.0,0.0,0.0,0.5,9,0.0
290,0.0,0.0,2.0,0.0,0.0,0.0,0.0,0.2916666666666667,7,0.0
291,1.0,0.0,2.0,1.0,2.0,0.0,0.0,0.08108108108108109,3,0.0
292,0.0,0.0,1.0,0.0,2.0,0.0,0.0,0.06349206349206349,4,0.0
293,0.0,0.0,2.0,2.0,0.0,0.0,0.0,0.27906976744186046,24,0.0
294,1.0,0.0,1.0,0.0,2.0,0.0,0.0,0.26153846153846155,17,0.0
295,1.0,0.0,0.0,0.0,0.0,0.0,0.0,0.36666666666666664,11,0.0
296,0.0,0.0,5.0,0.0,0.0,0.0,0.0,0.15384615384615385,8,0.0
297,1.0,1.0,4.0,0.0,1.0,0.0,0.0,0.1509433962264151,8,0.0
298,0.0,0.0,1.0,0.0,0.0,0.0,0.0,0.2318840579710145,16,0.0
299,0.0,0.0,1.0,2.0,0.0,0.0,0.0,0.12962962962962962,7,0.0
300,0.0,1.0,2.0,0.0,0.0,1.0,0.0,0.16666666666666666,10,0.0
301,0.0,1.0,1.0,0.0,0.0,0.0,0.0,0.19607843137254902,10,0.0
302,1.0,1.0,3.0,0.0,0.0,0.0,0.0,0.125,9,0.0
303,1.0,1.0,3.0,0.0,0.0,0.0,0.0,0.20408163265306123,10,0.0
304,0.0,0.0,4.0,0.0,0.0,0.0,0.0,0.15492957746478872,11,0.0
305,1.0,0.0,4.0,1.0,0.0,1.0,0.0,0.1111111111111111,6,0.0
306,1.0,1.0,1.0,1.0,0.0,0.0,0.0,0.13846153846153847,9,0.0
307,0.0,1.0,17.0,3.0,0.0,0.0,0.0,0.1978021978021978,18,0.0
308,1.0,0.0,1.0,0.0,0.0,1.0,0.0,0.21875,14,0.0
309,0.0,0.0,4.0,0.0,0.0,0.0,0.0,0.14285714285714285,6,0.0
310,0.0,1.0,2.0,0.0,0.0,0.0,0.0,0.06451612903225806,4,0.0
311,0.0,1.0,2.0,0.0,0.0,0.0,0.0,0.046153846153846156,3,0.0
312,0.0,0.0,7.0,0.0,0.0,0.0,0.0,0.203125,13,0.0
313,0.0,1.0,3.0,0.0,0.0,0.0,0.0,0.2765957446808511,13,0.0
314,0.0,0.0,2.0,2.0,0.0,0.0,0.0,0.16129032258064516,20,0.0
315,1.0,0.0,1.0,0.0,0.0,1.0,0.0,0.08108108108108109,3,0.0
316,0.0,0.0,2.0,0.0,0.0,0.0,0.0,0.13953488372093023,6,0.0
317,1.0,1.0,3.0,0.0,0.0,1.0,0.0,0.125,7,0.0
318,0.0,0.0,4.0,0.0,0.0,0.0,0.0,0.1,6,0.0
319,1.0,0.0,10.0,0.0,0.0,1.0,0.0,0.10204081632653061,5,0.0
320,0.0,0.0,3.0,0.0,0.0,0.0,0.0,0.10344827586206896,6,0.0
321,0.0,0.0,7.0,0.0,0.0,0.0,0.0,0.21666666666666667,13,0.0
322,1.0,0.0,9.0,0.0,0.0,1.0,0.0,0.23076923076923078,15,0.0
323,1.0,0.0,2.0,2.0,1.0,1.0,0.0,0.08064516129032258,5,0.0
324,1.0,1.0,6.0,0.0,0.0,0.0,0.0,0.3194444444444444,23,0.0
325,1.0,0.0,2.0,1.0,0.0,0.0,0.0,0.10714285714285714,9,0.0
326,0.0,0.0,8.0,1.0,0.0,1.0,0.0,0.19444444444444445,14,0.0
327,1.0,0.0,1.0,0.0,0.0,1.0,0.0,0.23684210526315788,18,0.0
328,0.0,0.0,2.0,0.0,0.0,0.0,0.0,0.24691358024691357,20,0.0
329,0.0,0.0,1.0,1.0,0.0,0.0,0.0,0.11428571428571428,4,0.0
330,0.0,0.0,1.0,0.0,4.0,0.0,0.0,0.19230769230769232,15,0.0
331,0.0,1.0,1.0,0.0,0.0,0.0,0.0,0.189873417721519,15,0.0
332,1.0,1.0,4.0,0.0,0.0,1.0,0.0,0.1864406779661017,11,0.0
333,0.0,0.0,4.0,0.0,0.0,0.0,0.0,0.2558139534883721,11,0.0
334,0.0,0.0,2.0,0.0,0.0,1.0,0.0,0.0,0,0.0
335,0.0,0.0,1.0,1.0,0.0,0.0,0.0,0.14492753623188406,10,0.0
336,0.0,0.0,1.0,1.0,0.0,0.0,0.0,0.2,16,0.0
337,1.0,0.0,0.0,0.0,0.0,1.0,0.0,0.2,7,0.0
338,0.0,1.0,3.0,1.0,0.0,0.0,0.0,0.16049382716049382,13,0.0
339,1.0,0.0,1.0,2.0,0.0,0.0,0.0,0.1590909090909091,7,0.0
340,1.0,0.0,1.0,1.0,0.0,1.0,0.0,0.22857142857142856,16,0.0
341,1.0,0.0,1.0,5.0,0.0,1.0,0.0,0.15789473684210525,9,0.0
342,0.0,0.0,0.0,0.0,0.0,1.0,0.0,0.08333333333333333,6,0.0
343,0.0,1.0,2.0,0.0,0.0,0.0,0.0,0.20253164556962025,16,0.0
344,1.0,0.0,9.0,0.0,0.0,0.0,0.0,0.06593406593406594,6,0.0
345,1.0,1.0,1.0,0.0,0.0,0.0,0.0,0.04819277108433735,4,0.0
346,1.0,0.0,1.0,0.0,0.0,1.0,0.0,0.21311475409836064,13,0.0
347,0.0,1.0,0.0,0.0,0.0,0.0,0.0,0.2903225806451613,18,0.0
348,0.0,0.0,3.0,2.0,0.0,0.0,0.0,0.1414141414141414,14,0.0
349,0.0,1.0,1.0,0.0,0.0,0.0,0.0,0.323943661971831,23,0.0
350,0.0,0.0,0.0,5.0,0.0,0.0,0.0,0.15625,10,0.0
351,0.0,0.0,0.0,0.0,0.0,0.0,0.0,0.2631578947368421,15,0.0
352,1.0,1.0,2.0,0.0,0.0,1.0,0.0,0.10344827586206896,6,0.0
353,0.0,1.0,1.0,1.0,0.0,0.0,0.0,0.28846153846153844,15,0.0
354,0.0,1.0,1.0,0.0,0.0,0.0,0.0,0.10588235294117647,9,0.0
355,1.0,0.0,0.0,1.0,0.0,0.0,0.0,0.11428571428571428,8,0.0
356,0.0,0.0,0.0,0.0,0.0,0.0,0.0,0.36363636363636365,24,0.0
357,0.0,0.0,1.0,0.0,0.0,0.0,0.0,0.11475409836065574,7,0.0
358,1.0,1.0,1.0,1.0,0.0,1.0,0.0,0.2631578947368421,5,0.0
359,0.0,0.0,4.0,0.0,0.0,0.0,0.0,0.07272727272727272,4,0.0
360,1.0,1.0,8.0,1.0,0.0,1.0,0.0,0.3287671232876712,24,0.0
361,0.0,1.0,3.0,0.0,0.0,0.0,0.0,0.25,18,0.0
362,0.0,1.0,1.0,0.0,0.0,1.0,0.0,0.045871559633027525,5,0.0
363,0.0,0.0,2.0,0.0,0.0,0.0,0.0,0.10909090909090909,6,0.0
364,0.0,0.0,0.0,0.0,0.0,0.0,0.0,0.12,6,0.0
365,0.0,0.0,1.0,0.0,0.0,1.0,0.0,0.11428571428571428,8,0.0
366,1.0,1.0,4.0,0.0,0.0,1.0,0.0,0.08620689655172414,5,0.0
367,1.0,1.0,0.0,1.0,0.0,0.0,0.0,0.1956521739130435,9,0.0
368,0.0,1.0,1.0,0.0,0.0,0.0,0.0,0.42857142857142855,3,0.0
369,0.0,0.0,0.0,9.0,0.0,0.0,0.0,0.09090909090909091,6,0.0
370,0.0,0.0,2.0,1.0,0.0,0.0,0.0,0.043478260869565216,2,0.0
371,1.0,0.0,0.0,0.0,0.0,1.0,0.0,0.3384615384615385,22,0.0
372,0.0,1.0,6.0,0.0,0.0,0.0,0.0,0.16923076923076924,11,0.0
373,1.0,0.0,8.0,2.0,0.0,1.0,0.0,0.06896551724137931,4,0.0
374,1.0,0.0,6.0,0.0,0.0,1.0,0.0,0.1919191919191919,19,0.0
375,1.0,0.0,3.0,0.0,0.0,0.0,0.0,0.1774193548387097,11,0.0
376,0.0,1.0,1.0,0.0,0.0,0.0,0.0,0.07272727272727272,4,0.0
377,1.0,0.0,3.0,0.0,0.0,0.0,0.0,0.2,9,0.0
378,1.0,0.0,1.0,0.0,0.0,0.0,0.0,0.23076923076923078,12,0.0
379,1.0,0.0,1.0,0.0,0.0,0.0,0.0,0.05747126436781609,5,0.0
380,0.0,0.0,4.0,1.0,0.0,0.0,0.0,0.0,0,0.0
381,0.0,1.0,1.0,1.0,0.0,0.0,0.0,0.2028985507246377,14,0.0
382,1.0,0.0,5.0,0.0,0.0,1.0,0.0,0.18604651162790697,16,0.0
383,0.0,1.0,1.0,2.0,0.0,1.0,0.0,0.1111111111111111,5,0.0
384,1.0,0.0,2.0,0.0,0.0,1.0,0.0,0.11320754716981132,6,0.0
385,1.0,0.0,1.0,0.0,0.0,1.0,0.0,0.3333333333333333,14,0.0
386,0.0,0.0,4.0,0.0,0.0,0.0,0.0,0.28,14,0.0
387,0.0,0.0,1.0,0.0,0.0,0.0,0.0,0.27,27,0.0
388,1.0,0.0,1.0,0.0,0.0,0.0,0.0,0.24444444444444444,11,0.0
389,0.0,1.0,0.0,0.0,0.0,0.0,0.0,0.21739130434782608,10,0.0
390,1.0,0.0,3.0,2.0,0.0,1.0,0.0,0.11290322580645161,7,0.0
391,0.0,1.0,0.0,2.0,0.0,0.0,0.0,0.09090909090909091,1,0.0
392,1.0,1.0,2.0,0.0,0.0,1.0,0.0,0.3116883116883117,24,0.0
393,0.0,1.0,5.0,0.0,0.0,0.0,0.0,0.05333333333333334,4,0.0
394,1.0,1.0,2.0,0.0,0.0,0.0,0.0,0.16363636363636364,9,0.0
395,1.0,0.0,2.0,0.0,0.0,0.0,0.0,0.2222222222222222,20,0.0
396,1.0,0.0,4.0,2.0,0.0,0.0,0.0,0.23636363636363636,13,0.0
397,0.0,1.0,2.0,2.0,0.0,0.0,0.0,0.2,10,0.0
398,0.0,1.0,1.0,0.0,0.0,0.0,0.0,0.14285714285714285,6,0.0
399,1.0,1.0,0.0,0.0,0.0,0.0,0.0,0.26666666666666666,12,0.0
400,1.0,0.0,5.0,0.0,0.0,0.0,0.0,0.19148936170212766,9,0.0
401,1.0,1.0,1.0,0.0,0.0,1.0,0.0,0.23809523809523808,15,0.0
402,0.0,0.0,0.0,0.0,0.0,0.0,0.0,0.21666666666666667,13,0.0
403,0.0,0.0,0.0,1.0,0.0,1.0,0.0,0.0975609756097561,4,0.0
404,0.0,0.0,1.0,1.0,0.0,0.0,0.0,0.2222222222222222,12,0.0
405,1.0,0.0,3.0,0.0,0.0,0.0,0.0,0.08771929824561403,5,0.0
406,1.0,0.0,3.0,0.0,0.0,1.0,0.0,0.00980392156862745,1,0.0
407,0.0,1.0,3.0,0.0,0.0,1.0,0.0,0.13043478260869565,6,0.0
408,0.0,1.0,4.0,0.0,0.0,0.0,0.0,0.2,14,0.0
409,0.0,0.0,6.0,1.0,0.0,0.0,0.0,0.044444444444444446,2,0.0
410,1.0,0.0,1.0,0.0,0.0,1.0,0.0,0.34375,11,0.0
411,0.0,1.0,5.0,0.0,0.0,0.0,0.0,0.2641509433962264,14,0.0
412,1.0,0.0,1.0,1.0,0.0,0.0,0.0,0.078125,5,0.0
413,0.0,0.0,1.0,2.0,0.0,1.0,0.0,0.015151515151515152,1,0.0
414,0.0,0.0,1.0,0.0,0.0,1.0,0.0,0.0425531914893617,2,0.0
415,1.0,1.0,15.0,0.0,0.0,0.0,0.0,0.3218390804597701,28,0.0
416,0.0,0.0,3.0,0.0,0.0,1.0,0.0,0.3181818181818182,14,0.0
417,1.0,1.0,0.0,0.0,0.0,0.0,0.0,0.13333333333333333,10,0.0
418,1.0,0.0,0.0,2.0,0.0,0.0,0.0,0.25806451612903225,8,0.0
419,1.0,1.0,1.0,2.0,0.0,0.0,0.0,0.1320754716981132,7,0.0
420,0.0,0.0,6.0,1.0,0.0,0.0,0.0,0.05357142857142857,3,0.0
421,1.0,1.0,3.0,0.0,0.0,0.0,0.0,0.1875,9,0.0
422,0.0,1.0,3.0,1.0,0.0,0.0,0.0,0.125,5,0.0
423,0.0,0.0,3.0,0.0,0.0,0.0,0.0,0.1643835616438356,12,0.0
424,1.0,1.0,2.0,0.0,0.0,0.0,0.0,0.23214285714285715,13,0.0
425,1.0,0.0,5.0,1.0,1.0,1.0,0.0,0.018518518518518517,1,0.0
426,0.0,1.0,3.0,0.0,0.0,1.0,0.0,0.18055555555555555,13,0.0
427,0.0,1.0,15.0,0.0,0.0,0.0,0.0,0.12280701754385964,7,0.0
428,0.0,0.0,3.0,0.0,0.0,0.0,0.0,0.18055555555555555,13,0.0
429,1.0,0.0,0.0,6.0,0.0,1.0,0.0,0.21153846153846154,11,0.0
430,1.0,1.0,0.0,0.0,0.0,0.0,0.0,0.47058823529411764,16,0.0
431,0.0,0.0,0.0,0.0,0.0,0.0,0.0,0.20689655172413793,12,0.0
432,0.0,0.0,17.0,0.0,0.0,0.0,0.0,0.14754098360655737,9,0.08333333333333333
433,0.0,0.0,1.0,0.0,0.0,1.0,0.0,0.14705882352941177,10,0.0
434,0.0,0.0,1.0,0.0,0.0,1.0,0.0,0.0,0,0.0
435,1.0,0.0,3.0,0.0,0.0,0.0,0.0,0.18032786885245902,11,0.0
436,0.0,0.0,10.0,0.0,0.0,0.0,0.0,0.22666666666666666,17,0.0
437,1.0,0.0,6.0,0.0,0.0,1.0,0.0,0.11764705882352941,10,0.0
438,1.0,0.0,1.0,1.0,0.0,1.0,0.0,0.08620689655172414,5,0.0
439,0.0,0.0,0.0,0.0,0.0,0.0,0.0,0.3783783783783784,14,0.0
440,0.0,1.0,1.0,1.0,0.0,0.0,0.0,0.14814814814814814,8,0.0
441,0.0,0.0,1.0,1.0,0.0,1.0,0.0,0.046511627906976744,2,0.0
442,0.0,1.0,1.0,1.0,0.0,1.0,0.0,0.02,1,0.0
443,0.0,0.0,1.0,1.0,0.0,1.0,0.0,0.13333333333333333,4,0.0
444,1.0,0.0,0.0,2.0,0.0,1.0,0.0,0.1111111111111111,5,0.0
445,1.0,0.0,0.0,0.0,0.0,1.0,0.0,0.21052631578947367,12,0.0
446,0.0,0.0,6.0,0.0,0.0,0.0,0.0,0.4,26,0.0
447,0.0,0.0,0.0,1.0,0.0,1.0,0.0,0.1891891891891892,7,0.0
448,1.0,0.0,4.0,0.0,0.0,0.0,0.0,0.375,15,0.0
449,0.0,0.0,10.0,1.0,0.0,0.0,0.0,0.14516129032258066,9,0.0
450,0.0,0.0,4.0,1.0,0.0,0.0,0.0,0.13725490196078433,7,0.0
451,1.0,0.0,2.0,0.0,0.0,0.0,0.0,0.11864406779661017,7,0.0
452,1.0,0.0,18.0,0.0,0.0,1.0,0.0,0.47058823529411764,40,0.0
453,0.0,1.0,4.0,0.0,0.0,0.0,0.0,0.20967741935483872,13,0.0
454,0.0,0.0,2.0,1.0,0.0,0.0,0.0,0.25,9,0.0
455,0.0,0.0,4.0,0.0,0.0,0.0,0.0,0.16071428571428573,9,0.0
456,0.0,0.0,0.0,5.0,0.0,0.0,0.0,0.2222222222222222,10,0.0
457,1.0,0.0,9.0,0.0,0.0,1.0,0.0,0.0,0,0.0
458,0.0,0.0,1.0,0.0,0.0,0.0,0.0,0.21875,14,0.0
459,0.0,0.0,2.0,1.0,0.0,0.0,0.0,0.22727272727272727,10,0.0
460,0.0,0.0,1.0,0.0,0.0,1.0,0.0,0.20689655172413793,6,0.0
461,0.0,1.0,3.0,0.0,0.0,0.0,0.0,0.38,19,0.0
462,1.0,0.0,1.0,0.0,0.0,1.0,0.0,0.136986301369863,10,0.0
463,0.0,0.0,6.0,0.0,0.0,0.0,0.0,0.13333333333333333,10,0.0
464,1.0,1.0,3.0,0.0,0.0,0.0,0.0,0.3783783783783784,14,0.0
465,0.0,1.0,2.0,0.0,0.0,0.0,0.0,0.2,16,0.0
466,0.0,0.0,0.0,0.0,0.0,1.0,0.0,0.1095890410958904,8,0.0
467,0.0,1.0,3.0,0.0,0.0,1.0,0.0,0.16049382716049382,13,0.0
468,1.0,0.0,0.0,1.0,0.0,1.0,0.0,0.041666666666666664,2,0.0
469,0.0,1.0,0.0,0.0,0.0,0.0,0.0,0.22727272727272727,15,0.0
470,0.0,0.0,2.0,1.0,0.0,0.0,0.0,0.36231884057971014,25,0.0
471,0.0,1.0,1.0,0.0,0.0,0.0,0.0,0.24528301886792453,13,0.0
472,1.0,1.0,1.0,0.0,0.0,1.0,0.0,0.07692307692307693,3,0.0
473,0.0,0.0,0.0,1.0,0.0,0.0,0.0,0.19672131147540983,12,0.0
474,0.0,0.0,0.0,2.0,0.0,0.0,0.0,0.08333333333333333,4,0.0
475,1.0,0.0,4.0,2.0,0.0,1.0,0.0,0.0,0,0.0
476,1.0,0.0,19.0,0.0,0.0,0.0,0.0,0.3,18,0.0
477,0.0,0.0,4.0,0.0,0.0,0.0,0.0,0.1951219512195122,8,0.0
478,1.0,0.0,2.0,0.0,0.0,0.0,0.0,0.08571428571428572,3,0.0
479,1.0,0.0,1.0,0.0,0.0,1.0,0.0,0.043478260869565216,3,0.0
480,0.0,0.0,0.0,0.0,0.0,1.0,0.0,0.11538461538461539,6,0.0
481,0.0,0.0,1.0,0.0,0.0,0.0,0.0,0.08888888888888889,4,0.0
482,1.0,1.0,2.0,0.0,1.0,0.0,0.0,0.13559322033898305,8,0.0
483,1.0,0.0,4.0,2.0,0.0,1.0,0.0,0.05333333333333334,4,0.0
484,1.0,0.0,2.0,0.0,0.0,1.0,0.0,0.24324324324324326,9,0.0
485,1.0,0.0,3.0,0.0,0.0,1.0,0.0,0.18333333333333332,11,0.0
486,1.0,0.0,6.0,5.0,0.0,1.0,0.0,0.016129032258064516,1,0.0
487,0.0,0.0,1.0,0.0,0.0,0.0,0.0,0.075,3,0.0
488,1.0,0.0,7.0,5.0,0.0,1.0,0.0,0.014705882352941176,1,0.0
489,0.0,1.0,7.0,2.0,0.0,1.0,0.0,0.18181818181818182,10,0.0
490,0.0,0.0,0.0,1.0,0.0,0.0,0.0,0.0851063829787234,4,0.0
491,0.0,0.0,1.0,0.0,0.0,0.0,0.0,0.08695652173913043,4,0.0
492,0.0,0.0,2.0,1.0,0.0,0.0,0.0,0.14285714285714285,8,0.0
493,0.0,0.0,2.0,0.0,0.0,0.0,0.0,0.16,4,0.0
494,1.0,1.0,1.0,0.0,0.0,1.0,0.0,0.17073170731707318,7,0.0
495,1.0,0.0,0.0,3.0,0.0,0.0,0.0,0.05714285714285714,2,0.0
496,1.0,0.0,5.0,4.0,0.0,0.0,0.0,0.25862068965517243,15,0.0
497,0.0,0.0,3.0,2.0,0.0,1.0,0.0,0.35294117647058826,24,0.0
498,1.0,0.0,2.0,0.0,0.0,1.0,0.0,0.05952380952380952,5,0.0
499,1.0,1.0,0.0,3.0,0.0,1.0,0.0,0.14473684210526316,11,0.0
500,1.0,0.0,6.0,3.0,0.0,1.0,0.0,0.013513513513513514,1,0.0
501,1.0,0.0,0.0,0.0,2.0,0.0,0.0,0.16216216216216217,12,0.0
502,0.0,0.0,8.0,0.0,0.0,1.0,0.0,0.32941176470588235,28,0.0
503,0.0,0.0,1.0,3.0,0.0,1.0,0.0,0.05172413793103448,3,0.0
504,1.0,0.0,1.0,0.0,0.0,1.0,0.0,0.13114754098360656,8,0.0
505,1.0,0.0,0.0,0.0,0.0,1.0,0.0,0.1,5,0.0
506,0.0,0.0,1.0,2.0,0.0,0.0,0.0,0.02666666666666667,2,0.0
507,1.0,0.0,1.0,0.0,0.0,1.0,0.0,0.23684210526315788,9,0.0
508,1.0,0.0,1.0,0.0,0.0,1.0,0.0,0.1232876712328767,9,0.0
509,1.0,1.0,1.0,0.0,0.0,0.0,0.0,0.15151515151515152,5,0.0
510,0.0,0.0,11.0,0.0,0.0,0.0,0.0,0.27692307692307694,18,0.0
511,0.0,0.0,3.0,5.0,0.0,0.0,0.0,0.0,0,0.0
512,0.0,1.0,0.0,0.0,0.0,1.0,0.0,0.30303030303030304,20,0.0
513,0.0,1.0,2.0,0.0,0.0,0.0,0.0,0.2602739726027397,19,0.0
514,0.0,0.0,0.0,0.0,1.0,0.0,0.0,0.16666666666666666,14,0.0
515,1.0,0.0,1.0,0.0,0.0,1.0,0.0,0.15294117647058825,13,0.0
516,0.0,1.0,1.0,0.0,0.0,1.0,0.0,0.05263157894736842,2,0.0
517,0.0,0.0,1.0,0.0,0.0,1.0,0.0,0.08,10,0.0
518,0.0,0.0,10.0,0.0,0.0,0.0,0.0,0.21686746987951808,18,0.0
519,0.0,0.0,3.0,13.0,0.0,1.0,0.0,0.17834394904458598,28,0.0
520,1.0,1.0,0.0,2.0,0.0,0.0,0.0,0.18518518518518517,5,0.0
521,0.0,0.0,0.0,1.0,0.0,0.0,0.0,0.17045454545454544,15,0.0
522,0.0,1.0,2.0,0.0,0.0,1.0,0.0,0.3783783783783784,14,0.0
523,1.0,0.0,2.0,1.0,0.0,0.0,0.0,0.2111111111111111,19,0.0
524,1.0,0.0,2.0,2.0,0.0,0.0,0.0,0.013513513513513514,1,0.0
525,1.0,0.0,1.0,0.0,0.0,0.0,0.0,0.1,4,0.0
526,0.0,0.0,6.0,3.0,0.0,0.0,0.0,0.15,9,0.0
527,0.0,1.0,1.0,0.0,0.0,0.0,0.0,0.20408163265306123,10,0.0
528,0.0,0.0,1.0,0.0,0.0,1.0,0.0,0.0,0,0.0
529,1.0,0.0,0.0,2.0,0.0,0.0,0.0,0.2235294117647059,19,0.0
530,1.0,0.0,0.0,1.0,0.0,1.0,0.0,0.12244897959183673,6,0.0
531,0.0,0.0,2.0,0.0,0.0,0.0,0.0,0.1919191919191919,19,0.0
532,0.0,0.0,0.0,0.0,0.0,1.0,0.0,0.0625,3,0.0
533,0.0,1.0,3.0,1.0,0.0,0.0,0.0,0.1917808219178082,14,0.0
534,0.0,0.0,1.0,0.0,0.0,1.0,0.0,0.03614457831325301,3,0.0
535,1.0,0.0,1.0,0.0,10.0,0.0,0.0,0.05128205128205128,4,0.0
536,1.0,1.0,0.0,0.0,0.0,0.0,0.0,0.1111111111111111,7,0.0
537,1.0,0.0,5.0,3.0,0.0,1.0,0.0,0.07317073170731707,6,0.0
538,1.0,0.0,5.0,0.0,5.0,1.0,0.0,0.0392156862745098,2,0.0
539,1.0,1.0,1.0,0.0,0.0,1.0,0.0,0.07894736842105263,3,0.0
540,0.0,0.0,0.0,0.0,0.0,0.0,0.0,0.2857142857142857,2,0.0
541,1.0,0.0,11.0,0.0,0.0,1.0,0.0,0.0759493670886076,6,0.0
542,1.0,0.0,2.0,0.0,0.0,0.0,0.0,0.17647058823529413,3,0.0
543,0.0,0.0,0.0,0.0,0.0,1.0,0.0,0.1694915254237288,10,0.0
544,1.0,1.0,4.0,0.0,0.0,0.0,0.0,0.14666666666666667,11,0.0
545,0.0,0.0,0.0,1.0,0.0,0.0,0.0,0.07575757575757576,5,0.0
546,0.0,1.0,2.0,0.0,0.0,0.0,0.0,0.1509433962264151,8,0.0
547,0.0,0.0,1.0,0.0,0.0,0.0,0.0,0.0,0,0.0
548,0.0,0.0,2.0,1.0,0.0,1.0,0.0,0.14606741573033707,13,0.0
549,0.0,0.0,2.0,1.0,0.0,0.0,0.0,0.061224489795918366,3,0.0
550,0.0,1.0,9.0,2.0,0.0,0.0,0.0,0.16129032258064516,10,0.0
551,1.0,0.0,1.0,0.0,1.0,1.0,0.0,0.14285714285714285,12,0.0
552,1.0,0.0,2.0,0.0,0.0,1.0,0.0,0.07407407407407407,6,0.0
553,1.0,1.0,3.0,0.0,0.0,1.0,0.0,0.25,14,0.0
554,1.0,0.0,0.0,3.0,0.0,1.0,0.0,0.19318181818181818,17,0.0
555,0.0,0.0,4.0,1.0,0.0,1.0,0.0,0.04411764705882353,3,0.0
556,1.0,0.0,19.0,2.0,0.0,0.0,0.0,0.16,12,0.0
557,0.0,0.0,6.0,1.0,0.0,0.0,0.0,0.02564102564102564,2,0.0
558,0.0,0.0,2.0,0.0,0.0,0.0,0.0,0.2711864406779661,16,0.0
559,0.0,0.0,2.0,0.0,0.0,1.0,0.0,0.2692307692307692,14,0.0
560,1.0,1.0,3.0,0.0,0.0,0.0,0.0,0.18181818181818182,10,0.0
561,1.0,0.0,1.0,1.0,0.0,0.0,0.0,0.13793103448275862,8,0.0
562,1.0,0.0,3.0,0.0,0.0,1.0,0.0,0.11627906976744186,5,0.0
563,0.0,0.0,3.0,0.0,0.0,0.0,0.0,0.29310344827586204,17,0.0
564,0.0,0.0,0.0,0.0,0.0,0.0,0.0,0.12195121951219512,5,0.0
565,0.0,1.0,1.0,0.0,0.0,0.0,0.0,0.16071428571428573,9,0.0
566,0.0,0.0,2.0,0.0,0.0,0.0,0.0,0.038461538461538464,4,0.0
567,1.0,0.0,0.0,0.0,0.0,0.0,0.0,0.1891891891891892,7,0.0
568,1.0,0.0,1.0,1.0,0.0,1.0,0.0,0.21348314606741572,19,0.0
569,1.0,0.0,3.0,0.0,0.0,0.0,0.0,0.1702127659574468,8,0.0
570,0.0,0.0,0.0,2.0,0.0,0.0,1.0,0.14666666666666667,11,0.0
571,0.0,0.0,0.0,0.0,0.0,1.0,0.0,0.41509433962264153,22,0.0
572,1.0,0.0,6.0,1.0,0.0,0.0,0.0,0.1111111111111111,6,0.0
573,1.0,0.0,1.0,0.0,0.0,0.0,0.0,0.04854368932038835,5,0.0
574,1.0,0.0,4.0,0.0,0.0,0.0,0.0,0.12,6,0.0
575,0.0,1.0,0.0,0.0,0.0,0.0,0.0,0.2222222222222222,6,0.0
576,0.0,0.0,4.0,3.0,0.0,1.0,0.0,0.0,0,0.0
577,1.0,0.0,8.0,1.0,0.0,1.0,0.0,0.15853658536585366,13,0.0
578,0.0,0.0,12.0,0.0,0.0,0.0,0.0,0.24691358024691357,20,0.0
579,0.0,0.0,2.0,6.0,0.0,0.0,0.0,0.1518987341772152,12,0.0
580,0.0,0.0,7.0,2.0,0.0,1.0,0.0,0.016666666666666666,1,0.0
581,0.0,0.0,0.0,1.0,0.0,0.0,0.0,0.034482758620689655,2,0.0
582,0.0,0.0,0.0,2.0,0.0,0.0,0.0,0.17105263157894737,13,0.0
583,0.0,0.0,0.0,3.0,0.0,1.0,0.0,0.0,0,0.0
584,0.0,0.0,5.0,4.0,0.0,0.0,0.0,0.0,0,0.0
585,1.0,0.0,10.0,4.0,0.0,0.0,0.0,0.07608695652173914,7,0.0
586,1.0,1.0,1.0,0.0,0.0,1.0,0.0,0.1348314606741573,12,0.0
587,0.0,1.0,2.0,0.0,0.0,1.0,0.0,0.24324324324324326,9,0.0
588,0.0,0.0,1.0,0.0,0.0,0.0,0.0,0.0,0,0.0
589,0.0,0.0,0.0,0.0,0.0,1.0,0.0,0.0,0,0.0
590,1.0,0.0,0.0,0.0,0.0,1.0,0.0,0.1,4,0.0
591,0.0,1.0,3.0,0.0,0.0,0.0,0.0,0.13559322033898305,8,0.0
592,1.0,0.0,1.0,0.0,0.0,0.0,0.0,0.10126582278481013,8,0.0
593,0.0,0.0,1.0,0.0,0.0,0.0,0.0,0.25333333333333335,19,0.0
594,0.0,0.0,3.0,0.0,0.0,0.0,0.0,0.07936507936507936,5,0.0
595,1.0,1.0,0.0,1.0,0.0,0.0,0.0,0.1320754716981132,7,0.0
596,0.0,0.0,2.0,0.0,0.0,0.0,0.0,0.09090909090909091,2,0.0
597,0.0,0.0,0.0,0.0,0.0,0.0,0.0,0.017857142857142856,1,0.0
598,1.0,0.0,2.0,0.0,0.0,0.0,0.0,0.20967741935483872,13,0.0
599,0.0,0.0,0.0,1.0,0.0,1.0,1.0,0.12,6,0.0
600,0.0,0.0,2.0,1.0,0.0,0.0,0.0,0.2391304347826087,11,0.0
601,1.0,0.0,1.0,0.0,0.0,1.0,0.0,0.0625,1,0.0
602,1.0,1.0,0.0,1.0,0.0,0.0,0.0,0.09195402298850575,8,0.0
603,0.0,1.0,8.0,2.0,0.0,1.0,0.0,0.09,9,0.0
604,0.0,1.0,8.0,0.0,0.0,1.0,0.0,0.38961038961038963,30,0.0
605,1.0,1.0,0.0,2.0,0.0,0.0,0.0,0.18292682926829268,15,0.0
606,0.0,0.0,1.0,0.0,0.0,0.0,0.0,0.22448979591836735,11,0.0
607,1.0,0.0,2.0,1.0,0.0,0.0,0.0,0.1076923076923077,7,0.0
608,1.0,0.0,3.0,0.0,0.0,0.0,0.0,0.12280701754385964,7,0.0
609,0.0,0.0,1.0,0.0,0.0,0.0,0.0,0.1896551724137931,11,0.0
610,0.0,0.0,0.0,1.0,0.0,0.0,0.0,0.2,15,0.0
611,0.0,0.0,4.0,0.0,0.0,0.0,0.0,0.13793103448275862,8,0.0
612,0.0,0.0,2.0,0.0,0.0,0.0,0.0,0.1388888888888889,5,0.0
613,0.0,0.0,10.0,0.0,0.0,0.0,0.0,0.2727272727272727,12,0.0
614,0.0,0.0,5.0,1.0,0.0,0.0,1.0,0.13636363636363635,6,0.0
615,1.0,0.0,2.0,0.0,0.0,1.0,0.0,0.18181818181818182,8,0.0
616,0.0,1.0,1.0,0.0,0.0,1.0,0.0,0.04081632653061224,2,0.0
617,0.0,0.0,4.0,0.0,0.0,0.0,0.0,0.14864864864864866,11,0.0
618,0.0,0.0,3.0,0.0,0.0,1.0,0.0,0.16883116883116883,13,0.0
619,0.0,0.0,2.0,0.0,0.0,1.0,0.0,0.1864406779661017,11,0.0
620,1.0,0.0,1.0,0.0,0.0,1.0,0.0,0.10526315789473684,6,0.0
621,1.0,0.0,0.0,1.0,0.0,1.0,0.0,0.04,3,0.0
622,1.0,0.0,2.0,1.0,0.0,0.0,0.0,0.06666666666666667,5,0.0
